Name,Alpha2Code,Alpha3Code,Language,IndPrimaryByLanguage
Afghanistan,AF,AFG,en,True
Åland Islands,AX,ALA,en,True
Albania,AL,ALB,en,True
Algeria,DZ,DZA,en,True
American Samoa,AS,ASM,en,True
Andorra,AD,AND,en,True
Angola,AO,AGO,en,True
Anguilla,AI,AIA,en,True
Antarctica,AQ,ATA,en,True
Antigua and Barbuda,AG,ATG,en,True
Argentina,AR,ARG,en,True
Armenia,AM,ARM,en,True
Aruba,AW,ABW,en,True
Australia,AU,AUS,en,True
Austria,AT,AUT,en,True
Azerbaijan,AZ,AZE,en,True
Bahamas,BS,BHS,en,True
Bahrain,BH,BHR,en,True
Bangladesh,BD,BGD,en,True
Barbados,BB,BRB,en,True
Belarus,BY,BLR,en,True
Belgium,BE,BEL,en,True
Belize,BZ,BLZ,en,True
Benin,BJ,BEN,en,True
Bermuda,BM,BMU,en,True
Bhutan,BT,BTN,en,True
Bolivia,BO,BOL,en,True
Bosnia and Herzegovina,BA,BIH,en,True
Botswana,BW,BWA,en,True
Bouvet Island,BV,BVT,en,True
Brazil,BR,BRA,en,True
British Indian Ocean Territory,IO,IOT,en,True
Brunei Darussalam,BN,BRN,en,True
Bulgaria,BG,BGR,en,True
Burkina Faso,BF,BFA,en,True
Burundi,BI,BDI,en,True
Cambodia,KH,KHM,en,True
Cameroon,CM,CMR,en,True
Canada,CA,CAN,en,True
Cape Verde,CV,CPV,en,True
Cayman Islands,KY,CYM,en,True
Central African Republic,CF,CAF,en,True
Chad,TD,TCD,en,True
Chile,CL,CHL,en,True
China,CN,CHN,en,True
Christmas Island,CX,CXR,en,True
Cocos (Keeling) Islands,CC,CCK,en,True
Colombia,CO,COL,en,True
Comoros,KM,COM,en,True
Congo,CG,COG,en,True
"Congo, the Democratic Republic of the",CD,COD,en,True
Cook Islands,CK,COK,en,True
Costa Rica,CR,CRI,en,True
Côte d'Ivoire,CI,CIV,en,True
Croatia,HR,HRV,en,True
Cuba,CU,CUB,en,True
Cyprus,CY,CYP,en,True
Czech Republic,CZ,CZE,en,True
Denmark,DK,DNK,en,True
Djibouti,DJ,DJI,en,True
Dominica,DM,DMA,en,True
Dominican Republic,DO,DOM,en,True
Ecuador,EC,ECU,en,True
Egypt,EG,EGY,en,True
El Salvador,SV,SLV,en,True
Equatorial Guinea,GQ,GNQ,en,True
Eritrea,ER,ERI,en,True
Estonia,EE,EST,en,True
Ethiopia,ET,ETH,en,True
Falkland Islands (Malvinas),FK,FLK,en,True
Faroe Islands,FO,FRO,en,True
Fiji,FJ,FJI,en,True
Finland,FI,FIN,en,True
France,FR,FRA,en,True
French Guiana,GF,GUF,en,True
French Polynesia,PF,PYF,en,True
French Southern Territories,TF,ATF,en,True
Gabon,GA,GAB,en,True
Gambia,GM,GMB,en,True
Georgia,GE,GEO,en,True
Germany,DE,DEU,en,True
Ghana,GH,GHA,en,True
Gibraltar,GI,GIB,en,True
Greece,GR,GRC,en,True
Greenland,GL,GRL,en,True
Grenada,GD,GRD,en,True
Guadeloupe,GP,GLP,en,True
Guam,GU,GUM,en,True
Guatemala,GT,GTM,en,True
Guernsey,GG,GGY,en,True
Guinea,GN,GIN,en,True
Guinea-Bissau,GW,GNB,en,True
Guyana,GY,GUY,en,True
Haiti,HT,HTI,en,True
Heard Island and McDonald Islands,HM,HMD,en,True
Holy See (Vatican City State),VA,VAT,en,True
Honduras,HN,HND,en,True
Hong Kong,HK,HKG,en,True
Hungary,HU,HUN,en,True
Iceland,IS,ISL,en,True
India,IN,IND,en,True
Indonesia,ID,IDN,en,True
Iran,IR,IRN,en,True
Iraq,IQ,IRQ,en,True
Ireland,IE,IRL,en,True
Isle of Man,IM,IMN,en,True
Israel,IL,ISR,en,True
Italy,IT,ITA,en,True
Jamaica,JM,JAM,en,True
Japan,JP,JPN,en,True
Jersey,JE,JEY,en,True
Jordan,JO,JOR,en,True
Kazakhstan,KZ,KAZ,en,True
Kenya,KE,KEN,en,True
Kiribati,KI,KIR,en,True
"Korea, Democratic People's Republic of",KP,PRK,en,True
"Korea, Republic of (South Korea)",KR,KOR,en,True
Kuwait,KW,KWT,en,True
Kyrgyzstan,KG,KGZ,en,True
Lao People's Democratic Republic,LA,LAO,en,True
Latvia,LV,LVA,en,True
Lebanon,LB,LBN,en,True
Lesotho,LS,LSO,en,True
Liberia,LR,LBR,en,True
Libyan Arab Jamahiriya,LY,LBY,en,True
Liechtenstein,LI,LIE,en,True
Lithuania,LT,LTU,en,True
Luxembourg,LU,LUX,en,True
Macao,MO,MAC,en,True
"Macedonia, the former Yugoslav Republic of",MK,MKD,en,True
Madagascar,MG,MDG,en,True
Malawi,MW,MWI,en,True
Malaysia,MY,MYS,en,True
Maldives,MV,MDV,en,True
Mali,ML,MLI,en,True
Malta,MT,MLT,en,True
Marshall Islands,MH,MHL,en,True
Martinique,MQ,MTQ,en,True
Mauritania,MR,MRT,en,True
Mauritius,MU,MUS,en,True
Mayotte,YT,MYT,en,True
Mexico,MX,MEX,en,True
"Micronesia, Federated States of",FM,FSM,en,True
"Moldova, Republic of",MD,MDA,en,True
Monaco,MC,MCO,en,True
Mongolia,MN,MNG,en,True
Montenegro,ME,MNE,en,True
Montserrat,MS,MSR,en,True
Morocco,MA,MAR,en,True
Mozambique,MZ,MOZ,en,True
Myanmar,MM,MMR,en,True
Namibia,NA,NAM,en,True
Nauru,NR,NRU,en,True
Nepal,NP,NPL,en,True
Netherlands,NL,NLD,en,True
Netherlands Antilles,AN,ANT,en,True
New Caledonia,NC,NCL,en,True
New Zealand,NZ,NZL,en,True
Nicaragua,NI,NIC,en,True
Niger,NE,NER,en,True
Nigeria,NG,NGA,en,True
Niue,NU,NIU,en,True
Norfolk Island,NF,NFK,en,True
Northern Mariana Islands,MP,MNP,en,True
Norway,NO,NOR,en,True
Oman,OM,OMN,en,True
Pakistan,PK,PAK,en,True
Palau,PW,PLW,en,True
"Palestinian Territory, Occupied",PS,PSE,en,True
Panama,PA,PAN,en,True
Papua New Guinea,PG,PNG,en,True
Paraguay,PY,PRY,en,True
Peru,PE,PER,en,True
Philippines,PH,PHL,en,True
Pitcairn,PN,PCN,en,True
Poland,PL,POL,en,True
Portugal,PT,PRT,en,True
Puerto Rico,PR,PRI,en,True
Qatar,QA,QAT,en,True
Reunion,RE,REU,en,True
Romania,RO,ROU,en,True
Russia,RU,RUS,en,True
Rwanda,RW,RWA,en,True
Saint Barthélemy,BL,BLM,en,True
"Saint Helena, Ascension and Tristan da Cunha",SH,SHN,en,True
Saint Kitts and Nevis,KN,KNA,en,True
Saint Lucia,LC,LCA,en,True
Saint Martin,MF,MAF,en,True
Saint Pierre and Miquelon,PM,SPM,en,True
Saint Vincent and the Grenadines,VC,VCT,en,True
Samoa,WS,WSM,en,True
San Marino,SM,SMR,en,True
Sao Tome and Principe,ST,STP,en,True
Saudi Arabia,SA,SAU,en,True
Senegal,SN,SEN,en,True
Serbia,RS,SRB,en,True
Seychelles,SC,SYC,en,True
Sierra Leone,SL,SLE,en,True
Singapore,SG,SGP,en,True
Slovakia,SK,SVK,en,True
Slovenia,SI,SVN,en,True
Solomon Islands,SB,SLB,en,True
Somalia,SO,SOM,en,True
South Africa,ZA,ZAF,en,True
South Georgia and the South Sandwich Islands,GS,SGS,en,True
Spain,ES,ESP,en,True
Sri Lanka,LK,LKA,en,True
Sudan,SD,SDN,en,True
Suriname,SR,SUR,en,True
Svalbard and Jan Mayen,SJ,SJM,en,True
Swaziland,SZ,SWZ,en,True
Sweden,SE,SWE,en,True
Switzerland,CH,CHE,en,True
Syrian Arab Republic,SY,SYR,en,True
Taiwan,TW,TWN,en,True
Tajikistan,TJ,TJK,en,True
"Tanzania, United Republic of",TZ,TZA,en,True
Thailand,TH,THA,en,True
Timor-Leste,TL,TLS,en,True
Togo,TG,TGO,en,True
Tokelau,TK,TKL,en,True
Tonga,TO,TON,en,True
Trinidad and Tobago,TT,TTO,en,True
Tunisia,TN,TUN,en,True
Turkey,TR,TUR,en,True
Turkmenistan,TM,TKM,en,True
Turks and Caicos,TC,TCA,en,True
Tuvalu,TV,TUV,en,True
Uganda,UG,UGA,en,True
Ukraine,UA,UKR,en,True
United Arab Emirates,AE,ARE,en,True
United Kingdom,GB,GBR,en,True
United States Of America,US,USA,en,True
United States Minor Outlying Islands,UM,UMI,en,True
Uruguay,UY,URY,en,True
Uzbekistan,UZ,UZB,en,True
Vanuatu,VU,VUT,en,True
Venezuela,VE,VEN,en,True
Vietnam,VN,VNM,en,True
"Virgin Islands, British",VG,VGB,en,True
"Virgin Islands, U.S.",VI,VIR,en,True
Wallis and Futuna,WF,WLF,en,True
Western Sahara,EH,ESH,en,True
Yemen,YE,YEM,en,True
Zambia,ZM,ZMB,en,True
Zimbabwe,ZW,ZWE,en,True
Kosovo,XK,XKX,en,True
South Sudan,SS,SSD,en,True
Serbia and Montenegro,CS,SCG,en,True
Brunei,BN,BRN,en,False
Cabo Verde,CV,CPV,en,False
Congo (Brazzaville),CG,COG,en,False
Congo (Kinshasa),CD,COD,en,False
Cote d'Ivoire,CI,CIV,en,False
Czechia,CZ,CZE,en,False
Eswatini,SZ,SWZ,en,False
Holy See,VA,VAT,en,False
"Korea, South",KR,KOR,en,False
South Korea,KR,KOR,en,False
Moldova,MD,MDA,en,False
North Macedonia,MK,MKD,en,False
Tanzania,TZ,TZA,en,False
US,US,USA,en,False
USA,US,USA,en,False
Syria,SY,SYR,en,False
Laos,LA,LAO,en,False
Libya,LY,LBY,en,False
West Bank and Gaza,PS,PSE,en,False
Burma,MM,MMR,en,False
Aruba,AW,ABW,es,True
Afganistán,AF,AFG,es,True
Angola,AO,AGO,es,True
Anguila,AI,AIA,es,True
Islas Áland,AX,ALA,es,True
Albania,AL,ALB,es,True
Andorra,AD,AND,es,True
Antillas Neerlandesas,AN,ANT,es,True
Emiratos Árabes Unidos,AE,ARE,es,True
Argentina,AR,ARG,es,True
Armenia,AM,ARM,es,True
Samoa Americana,AS,ASM,es,True
Antártida,AQ,ATA,es,True
Territorios Australes Franceses,TF,ATF,es,True
Antigua y Barbuda,AG,ATG,es,True
Australia,AU,AUS,es,True
Austria,AT,AUT,es,True
Azerbaiyán,AZ,AZE,es,True
Burundi,BI,BDI,es,True
Bélgica,BE,BEL,es,True
Benin,BJ,BEN,es,True
Burkina Faso,BF,BFA,es,True
Bangladesh,BD,BGD,es,True
Bulgaria,BG,BGR,es,True
Bahréin,BH,BHR,es,True
Bahamas,BS,BHS,es,True
Bosnia y Herzegovina,BA,BIH,es,True
San Bartolomé,BL,BLM,es,True
Belarús,BY,BLR,es,True
Belice,BZ,BLZ,es,True
Bermudas,BM,BMU,es,True
Bolivia,BO,BOL,es,True
Brasil,BR,BRA,es,True
Barbados,BB,BRB,es,True
Brunéi,BN,BRN,es,True
Bhután,BT,BTN,es,True
Isla Bouvet,BV,BVT,es,True
Botsuana,BW,BWA,es,True
República Centro-Africana,CF,CAF,es,True
Canadá,CA,CAN,es,True
Islas Cocos,CC,CCK,es,True
Suiza,CH,CHE,es,True
Chile,CL,CHL,es,True
China,CN,CHN,es,True
Costa de Marfil,CI,CIV,es,True
Camerun,CM,CMR,es,True
Congo,CG,COG,es,True
Islas Cook,CK,COK,es,True
Colombia,CO,COL,es,True
Comoros,KM,COM,es,True
Cabo Verde,CV,CPV,es,True
Costa Rica,CR,CRI,es,True
Cuba,CU,CUB,es,True
Islas Christmas,CX,CXR,es,True
Islas Caimán,KY,CYM,es,True
Chipre,CY,CYP,es,True
República Checa,CZ,CZE,es,True
Alemania,DE,DEU,es,True
Yibuti,DJ,DJI,es,True
Domínica,DM,DMA,es,True
Dinamarca,DK,DNK,es,True
República Dominicana,DO,DOM,es,True
Argel,DZ,DZA,es,True
Ecuador,EC,ECU,es,True
Egipto,EG,EGY,es,True
Eritrea,ER,ERI,es,True
Sahara Occidental,EH,ESH,es,True
España,ES,ESP,es,True
Estonia,EE,EST,es,True
Etiopía,ET,ETH,es,True
Finlandia,FI,FIN,es,True
Fiji,FJ,FJI,es,True
Francia,FR,FRA,es,True
Islas Faroe,FO,FRO,es,True
Micronesia,FM,FSM,es,True
Gabón,GA,GAB,es,True
Reino Unido,GB,GBR,es,True
Georgia,GE,GEO,es,True
Guernsey,GG,GGY,es,True
Ghana,GH,GHA,es,True
Gibraltar,GI,GIB,es,True
Guinea,GN,GIN,es,True
Guadalupe,GP,GLP,es,True
Gambia,GM,GMB,es,True
Guinea-Bissau,GW,GNB,es,True
Guinea Ecuatorial,GQ,GNQ,es,True
Grecia,GR,GRC,es,True
Granada,GD,GRD,es,True
Groenlandia,GL,GRL,es,True
Guatemala,GT,GTM,es,True
Guayana Francesa,GF,GUF,es,True
Guam,GU,GUM,es,True
Guayana,GY,GUY,es,True
Hong Kong,HK,HKG,es,True
Islas Heard y McDonald,HM,HMD,es,True
Honduras,HN,HND,es,True
Croacia,HR,HRV,es,True
Haití,HT,HTI,es,True
Hungría,HU,HUN,es,True
Indonesia,ID,IDN,es,True
Isla de Man,IM,IMN,es,True
India,IN,IND,es,True
Territorio Británico del Océano Índico,IO,IOT,es,True
Irlanda,IE,IRL,es,True
Irán,IR,IRN,es,True
Irak,IQ,IRQ,es,True
Islandia,IS,ISL,es,True
Israel,IL,ISR,es,True
Italia,IT,ITA,es,True
Jamaica,JM,JAM,es,True
Jersey,JE,JEY,es,True
Jordania,JO,JOR,es,True
Japón,JP,JPN,es,True
Kazajstán,KZ,KAZ,es,True
Kenia,KE,KEN,es,True
Kirguistán,KG,KGZ,es,True
Camboya,KH,KHM,es,True
Kiribati,KI,KIR,es,True
Islas Malvinas,FK,FLK,es,True
San Cristóbal y Nieves,KN,KNA,es,True
Corea del Sur,KR,KOR,es,True
Kuwait,KW,KWT,es,True
Laos,LA,LAO,es,True
Líbano,LB,LBN,es,True
Liberia,LR,LBR,es,True
Libia,LY,LBY,es,True
Santa Lucía,LC,LCA,es,True
Liechtenstein,LI,LIE,es,True
Sri Lanka,LK,LKA,es,True
Lesotho,LS,LSO,es,True
Lituania,LT,LTU,es,True
Luxemburgo,LU,LUX,es,True
Letonia,LV,LVA,es,True
Macao,MO,MAC,es,True
Marruecos,MA,MAR,es,True
Mónaco,MC,MCO,es,True
Moldova,MD,MDA,es,True
Madagascar,MG,MDG,es,True
Maldivas,MV,MDV,es,True
México,MX,MEX,es,True
Islas Marshall,MH,MHL,es,True
Macedonia,MK,MKD,es,True
Mali,ML,MLI,es,True
Malta,MT,MLT,es,True
Myanmar,MM,MMR,es,True
Montenegro,ME,MNE,es,True
Mongolia,MN,MNG,es,True
Mozambique,MZ,MOZ,es,True
Mauritania,MR,MRT,es,True
Montserrat,MS,MSR,es,True
Martinica,MQ,MTQ,es,True
Mauricio,MU,MUS,es,True
Malawi,MW,MWI,es,True
Malasia,MY,MYS,es,True
Mayotte,YT,MYT,es,True
Namibia,NA,NAM,es,True
Nueva Caledonia,NC,NCL,es,True
Níger,NE,NER,es,True
Islas Norkfolk,NF,NFK,es,True
Nigeria,NG,NGA,es,True
Nicaragua,NI,NIC,es,True
Niue,NU,NIU,es,True
Países Bajos,NL,NLD,es,True
Noruega,NO,NOR,es,True
Nepal,NP,NPL,es,True
Nauru,NR,NRU,es,True
Nueva Zelanda,NZ,NZL,es,True
Omán,OM,OMN,es,True
Pakistán,PK,PAK,es,True
Panamá,PA,PAN,es,True
Islas Pitcairn,PN,PCN,es,True
Perú,PE,PER,es,True
Filipinas,PH,PHL,es,True
Islas Palaos,PW,PLW,es,True
Papúa Nueva Guinea,PG,PNG,es,True
Polonia,PL,POL,es,True
Puerto Rico,PR,PRI,es,True
Corea del Norte,KP,PRK,es,True
Portugal,PT,PRT,es,True
Paraguay,PY,PRY,es,True
Palestina,PS,PSE,es,True
Polinesia Francesa,PF,PYF,es,True
Qatar,QA,QAT,es,True
Reunión,RE,REU,es,True
Rumanía,RO,ROU,es,True
Rusia,RU,RUS,es,True
Ruanda,RW,RWA,es,True
Arabia Saudita,SA,SAU,es,True
Sudán,SD,SDN,es,True
Senegal,SN,SEN,es,True
Singapur,SG,SGP,es,True
Georgia del Sur e Islas Sandwich del Sur,GS,SGS,es,True
Santa Elena,SH,SHN,es,True
Islas Svalbard y Jan Mayen,SJ,SJM,es,True
Islas Solomón,SB,SLB,es,True
Sierra Leona,SL,SLE,es,True
El Salvador,SV,SLV,es,True
San Marino,SM,SMR,es,True
Somalia,SO,SOM,es,True
San Pedro y Miquelón,PM,SPM,es,True
Serbia,RS,SRB,es,True
Santo Tomé y Príncipe,ST,STP,es,True
Surinam,SR,SUR,es,True
Eslovaquia,SK,SVK,es,True
Eslovenia,SI,SVN,es,True
Suecia,SE,SWE,es,True
Suazilandia,SZ,SWZ,es,True
Seychelles,SC,SYC,es,True
Siria,SY,SYR,es,True
Islas Turcas y Caicos,TC,TCA,es,True
Chad,TD,TCD,es,True
Togo,TG,TGO,es,True
Tailandia,TH,THA,es,True
Tayikistán,TJ,TJK,es,True
Tokelau,TK,TKL,es,True
Turkmenistán,TM,TKM,es,True
Timor-Leste,TL,TLS,es,True
Tonga,TO,TON,es,True
Trinidad y Tobago,TT,TTO,es,True
Túnez,TN,TUN,es,True
Turquía,TR,TUR,es,True
Tuvalu,TV,TUV,es,True
Taiwán,TW,TWN,es,True
Tanzania,TZ,TZA,es,True
Uganda,UG,UGA,es,True
Ucrania,UA,UKR,es,True
Uruguay,UY,URY,es,True
Estados Unidos de América,US,USA,es,True
Uzbekistán,UZ,UZB,es,True
Ciudad del Vaticano,VA,VAT,es,True
San Vicente y las Granadinas,VC,VCT,es,True
Venezuela,VE,VEN,es,True
Islas Vírgenes Británicas,VG,VGB,es,True
Islas Vírgenes de los Estados Unidos de América,VI,VIR,es,True
Vietnam,VN,VNM,es,True
Vanuatu,VU,VUT,es,True
Wallis y Futuna,WF,WLF,es,True
Samoa,WS,WSM,es,True
Yemen,YE,YEM,es,True
Sudáfrica,ZA,ZAF,es,True
"Congo, la República Democrática del",CD,COD,es,True
Islas Marianas del Norte,MP,MNP,es,True
San Martín,MF,MAF,es,True
Islas ultramarinas menores de los Estados Unidos,UM,UMI,es,True
Zambia,ZM,ZMB,es,True
Zimbabwe,ZW,ZWE,es,True
Kosovo,XK,XKX,es,True
Sudán del Sur,SS,SSD,es,True
Serbia y Montenegro,CS,SCG,es,True
Afghanistan,AF,AFG,fr,True
Albanie,AL,ALB,fr,True
Antarctique,AQ,ATA,fr,True
Algérie,DZ,DZA,fr,True
Samoa Américaines,AS,ASM,fr,True
Andorre,AD,AND,fr,True
Angola,AO,AGO,fr,True
Antigua-et-Barbuda,AG,ATG,fr,True
Azerbaïdjan,AZ,AZE,fr,True
Argentine,AR,ARG,fr,True
Australie,AU,AUS,fr,True
Autriche,AT,AUT,fr,True
Bahamas,BS,BHS,fr,True
Bahreïn,BH,BHR,fr,True
Bangladesh,BD,BGD,fr,True
Arménie,AM,ARM,fr,True
Barbade,BB,BRB,fr,True
Belgique,BE,BEL,fr,True
Bermudes,BM,BMU,fr,True
Bhoutan,BT,BTN,fr,True
Bolivie,BO,BOL,fr,True
Bosnie-Herzégovine,BA,BIH,fr,True
Botswana,BW,BWA,fr,True
Île Bouvet,BV,BVT,fr,True
Brésil,BR,BRA,fr,True
Belize,BZ,BLZ,fr,True
Territoire Britannique de l'Océan Indien,IO,IOT,fr,True
Îles Salomon,SB,SLB,fr,True
Îles Vierges Britanniques,VG,VGB,fr,True
Brunéi Darussalam,BN,BRN,fr,True
Bulgarie,BG,BGR,fr,True
Myanmar,MM,MMR,fr,True
Burundi,BI,BDI,fr,True
Bélarus,BY,BLR,fr,True
Cambodge,KH,KHM,fr,True
Cameroun,CM,CMR,fr,True
Canada,CA,CAN,fr,True
Cap-vert,CV,CPV,fr,True
Îles Caïmanes,KY,CYM,fr,True
République Centrafricaine,CF,CAF,fr,True
Sri Lanka,LK,LKA,fr,True
Tchad,TD,TCD,fr,True
Chili,CL,CHL,fr,True
Chine,CN,CHN,fr,True
Taïwan,TW,TWN,fr,True
Île Christmas,CX,CXR,fr,True
Îles Cocos (Keeling),CC,CCK,fr,True
Colombie,CO,COL,fr,True
Comores,KM,COM,fr,True
Mayotte,YT,MYT,fr,True
République du Congo,CG,COG,fr,True
République Démocratique du Congo,CD,COD,fr,True
Îles Cook,CK,COK,fr,True
Costa Rica,CR,CRI,fr,True
Croatie,HR,HRV,fr,True
Cuba,CU,CUB,fr,True
Chypre,CY,CYP,fr,True
République Tchèque,CZ,CZE,fr,True
Bénin,BJ,BEN,fr,True
Danemark,DK,DNK,fr,True
Dominique,DM,DMA,fr,True
République Dominicaine,DO,DOM,fr,True
Équateur,EC,ECU,fr,True
El Salvador,SV,SLV,fr,True
Guinée Équatoriale,GQ,GNQ,fr,True
Éthiopie,ET,ETH,fr,True
Érythrée,ER,ERI,fr,True
Estonie,EE,EST,fr,True
Îles Féroé,FO,FRO,fr,True
Îles (malvinas) Falkland,FK,FLK,fr,True
Géorgie du Sud et les Îles Sandwich du Sud,GS,SGS,fr,True
Fidji,FJ,FJI,fr,True
Finlande,FI,FIN,fr,True
Îles Åland,AX,ALA,fr,True
France,FR,FRA,fr,True
Guyane Française,GF,GUF,fr,True
Polynésie Française,PF,PYF,fr,True
Terres Australes Françaises,TF,ATF,fr,True
Djibouti,DJ,DJI,fr,True
Gabon,GA,GAB,fr,True
Géorgie,GE,GEO,fr,True
Gambie,GM,GMB,fr,True
Territoire Palestinien Occupé,PS,PSE,fr,True
Allemagne,DE,DEU,fr,True
Ghana,GH,GHA,fr,True
Gibraltar,GI,GIB,fr,True
Kiribati,KI,KIR,fr,True
Grèce,GR,GRC,fr,True
Groenland,GL,GRL,fr,True
Grenade,GD,GRD,fr,True
Guadeloupe,GP,GLP,fr,True
Guam,GU,GUM,fr,True
Guatemala,GT,GTM,fr,True
Guinée,GN,GIN,fr,True
Guyana,GY,GUY,fr,True
Haïti,HT,HTI,fr,True
Îles Heard et Mcdonald,HM,HMD,fr,True
Saint-Siège (état de la Cité du Vatican),VA,VAT,fr,True
Honduras,HN,HND,fr,True
Hong-Kong,HK,HKG,fr,True
Hongrie,HU,HUN,fr,True
Islande,IS,ISL,fr,True
Inde,IN,IND,fr,True
Indonésie,ID,IDN,fr,True
République Islamique d'Iran,IR,IRN,fr,True
Iraq,IQ,IRQ,fr,True
Irlande,IE,IRL,fr,True
Israël,IL,ISR,fr,True
Italie,IT,ITA,fr,True
Côte d'Ivoire,CI,CIV,fr,True
Jamaïque,JM,JAM,fr,True
Japon,JP,JPN,fr,True
Kazakhstan,KZ,KAZ,fr,True
Jordanie,JO,JOR,fr,True
Kenya,KE,KEN,fr,True
République Populaire Démocratique de Corée,KP,PRK,fr,True
République de Corée,KR,KOR,fr,True
Koweït,KW,KWT,fr,True
Kirghizistan,KG,KGZ,fr,True
République Démocratique Populaire Lao,LA,LAO,fr,True
Liban,LB,LBN,fr,True
Lesotho,LS,LSO,fr,True
Lettonie,LV,LVA,fr,True
Libéria,LR,LBR,fr,True
Jamahiriya Arabe Libyenne,LY,LBY,fr,True
Liechtenstein,LI,LIE,fr,True
Lituanie,LT,LTU,fr,True
Luxembourg,LU,LUX,fr,True
Macao,MO,MAC,fr,True
Madagascar,MG,MDG,fr,True
Malawi,MW,MWI,fr,True
Malaisie,MY,MYS,fr,True
Maldives,MV,MDV,fr,True
Mali,ML,MLI,fr,True
Malte,MT,MLT,fr,True
Martinique,MQ,MTQ,fr,True
Mauritanie,MR,MRT,fr,True
Maurice,MU,MUS,fr,True
Mexique,MX,MEX,fr,True
Monaco,MC,MCO,fr,True
Mongolie,MN,MNG,fr,True
République de Moldova,MD,MDA,fr,True
Montserrat,MS,MSR,fr,True
Maroc,MA,MAR,fr,True
Mozambique,MZ,MOZ,fr,True
Oman,OM,OMN,fr,True
Namibie,NA,NAM,fr,True
Nauru,NR,NRU,fr,True
Népal,NP,NPL,fr,True
Pays-Bas,NL,NLD,fr,True
Antilles Néerlandaises,AN,ANT,fr,True
Aruba,AW,ABW,fr,True
Nouvelle-Calédonie,NC,NCL,fr,True
Vanuatu,VU,VUT,fr,True
Nouvelle-Zélande,NZ,NZL,fr,True
Nicaragua,NI,NIC,fr,True
Niger,NE,NER,fr,True
Nigéria,NG,NGA,fr,True
Niué,NU,NIU,fr,True
Île Norfolk,NF,NFK,fr,True
Norvège,NO,NOR,fr,True
Îles Mariannes du Nord,MP,MNP,fr,True
Îles Mineures Éloignées des États-Unis,UM,UMI,fr,True
États Fédérés de Micronésie,FM,FSM,fr,True
Îles Marshall,MH,MHL,fr,True
Palaos,PW,PLW,fr,True
Pakistan,PK,PAK,fr,True
Panama,PA,PAN,fr,True
Papouasie-Nouvelle-Guinée,PG,PNG,fr,True
Paraguay,PY,PRY,fr,True
Pérou,PE,PER,fr,True
Philippines,PH,PHL,fr,True
Pitcairn,PN,PCN,fr,True
Pologne,PL,POL,fr,True
Portugal,PT,PRT,fr,True
Guinée-Bissau,GW,GNB,fr,True
Timor-Leste,TL,TLS,fr,True
Porto Rico,PR,PRI,fr,True
Qatar,QA,QAT,fr,True
Réunion,RE,REU,fr,True
Roumanie,RO,ROU,fr,True
Fédération de Russie,RU,RUS,fr,True
Rwanda,RW,RWA,fr,True
Sainte-Hélène,SH,SHN,fr,True
Saint-Kitts-et-Nevis,KN,KNA,fr,True
Anguilla,AI,AIA,fr,True
Sainte-Lucie,LC,LCA,fr,True
Saint-Pierre-et-Miquelon,PM,SPM,fr,True
Saint-Vincent-et-les Grenadines,VC,VCT,fr,True
Saint-Marin,SM,SMR,fr,True
Sao Tomé-et-Principe,ST,STP,fr,True
Arabie Saoudite,SA,SAU,fr,True
Sénégal,SN,SEN,fr,True
Seychelles,SC,SYC,fr,True
Sierra Leone,SL,SLE,fr,True
Singapour,SG,SGP,fr,True
Slovaquie,SK,SVK,fr,True
Viet Nam,VN,VNM,fr,True
Slovénie,SI,SVN,fr,True
Somalie,SO,SOM,fr,True
Afrique du Sud,ZA,ZAF,fr,True
Zimbabwe,ZW,ZWE,fr,True
Espagne,ES,ESP,fr,True
Sahara Occidental,EH,ESH,fr,True
Soudan,SD,SDN,fr,True
Suriname,SR,SUR,fr,True
Svalbard etÎle Jan Mayen,SJ,SJM,fr,True
Swaziland,SZ,SWZ,fr,True
Suède,SE,SWE,fr,True
Suisse,CH,CHE,fr,True
République Arabe Syrienne,SY,SYR,fr,True
Tadjikistan,TJ,TJK,fr,True
Thaïlande,TH,THA,fr,True
Togo,TG,TGO,fr,True
Tokelau,TK,TKL,fr,True
Tonga,TO,TON,fr,True
Trinité-et-Tobago,TT,TTO,fr,True
Émirats Arabes Unis,AE,ARE,fr,True
Tunisie,TN,TUN,fr,True
Turquie,TR,TUR,fr,True
Turkménistan,TM,TKM,fr,True
Îles Turks et Caïques,TC,TCA,fr,True
Tuvalu,TV,TUV,fr,True
Ouganda,UG,UGA,fr,True
Ukraine,UA,UKR,fr,True
L'ex-République Yougoslave de Macédoine,MK,MKD,fr,True
Égypte,EG,EGY,fr,True
Royaume-Uni,GB,GBR,fr,True
Île de Man,IM,IMN,fr,True
République-Unie de Tanzanie,TZ,TZA,fr,True
États-Unis,US,USA,fr,True
Îles Vierges des États-Unis,VI,VIR,fr,True
Burkina Faso,BF,BFA,fr,True
Uruguay,UY,URY,fr,True
Ouzbékistan,UZ,UZB,fr,True
Venezuela,VE,VEN,fr,True
Wallis et Futuna,WF,WLF,fr,True
Samoa,WS,WSM,fr,True
Yémen,YE,YEM,fr,True
Serbie-et-Monténégro,CS,SCG,fr,True
Zambie,ZM,ZMB,fr,True
Guernesey,GG,GGY,fr,True
Jersey,JE,JEY,fr,True
Monténégro,ME,MNE,fr,True
Saint Barthélemy,BL,BLM,fr,True
Saint-Martin,MF,MAF,fr,True
Serbie,RS,SRB,fr,True
Kosovo,XK,XKX,fr,True
Soudan du Sud,SS,SSD,fr,True
Afghanistan,AF,AFG,de,True
Ägypten,EG,EGY,de,True
Albanien,AL,ALB,de,True
Algerien,DZ,DZA,de,True
Andorra,AD,AND,de,True
Angola,AO,AGO,de,True
Anguilla,AI,AIA,de,True
Antarktis,AQ,ATA,de,True
Antigua und Barbuda,AG,ATG,de,True
Äquatorial Guinea,GQ,GNQ,de,True
Argentinien,AR,ARG,de,True
Armenien,AM,ARM,de,True
Aruba,AW,ABW,de,True
Aserbaidschan,AZ,AZE,de,True
Äthiopien,ET,ETH,de,True
Australien,AU,AUS,de,True
Bahamas,BS,BHS,de,True
Bahrain,BH,BHR,de,True
Bangladesh,BD,BGD,de,True
Barbados,BB,BRB,de,True
Belgien,BE,BEL,de,True
Belize,BZ,BLZ,de,True
Benin,BJ,BEN,de,True
Bermudas,BM,BMU,de,True
Bhutan,BT,BTN,de,True
Birma,MM,MMR,de,True
Bolivien,BO,BOL,de,True
Bosnien-Herzegowina,BA,BIH,de,True
Botswana,BW,BWA,de,True
Bouvet Inseln,BV,BVT,de,True
Brasilien,BR,BRA,de,True
Britisch-Indischer Ozean,IO,IOT,de,True
Brunei,BN,BRN,de,True
Bulgarien,BG,BGR,de,True
Burkina Faso,BF,BFA,de,True
Burundi,BI,BDI,de,True
Chile,CL,CHL,de,True
China,CN,CHN,de,True
Christmas Island,CX,CXR,de,True
Cook Inseln,CK,COK,de,True
Costa Rica,CR,CRI,de,True
Dänemark,DK,DNK,de,True
Deutschland,DE,DEU,de,True
Djibuti,DJ,DJI,de,True
Dominika,DM,DMA,de,True
Dominikanische Republik,DO,DOM,de,True
Ecuador,EC,ECU,de,True
El Salvador,SV,SLV,de,True
Elfenbeinküste,CI,CIV,de,True
Eritrea,ER,ERI,de,True
Estland,EE,EST,de,True
Falkland Inseln,FK,FLK,de,True
Färöer Inseln,FO,FRO,de,True
Fidschi,FJ,FJI,de,True
Finnland,FI,FIN,de,True
Frankreich,FR,FRA,de,True
französisch Guyana,GF,GUF,de,True
Französisch Polynesien,PF,PYF,de,True
Französisches Süd-Territorium,TF,ATF,de,True
Gabun,GA,GAB,de,True
Gambia,GM,GMB,de,True
Georgien,GE,GEO,de,True
Ghana,GH,GHA,de,True
Gibraltar,GI,GIB,de,True
Grenada,GD,GRD,de,True
Griechenland,GR,GRC,de,True
Grönland,GL,GRL,de,True
Großbritannien (UK),GB,GBR,de,True
Guadeloupe,GP,GLP,de,True
Guam,GU,GUM,de,True
Guatemala,GT,GTM,de,True
Guinea,GN,GIN,de,True
Guinea Bissau,GW,GNB,de,True
Guyana,GY,GUY,de,True
Haiti,HT,HTI,de,True
Heard und McDonald Islands,HM,HMD,de,True
Honduras,HN,HND,de,True
Hong Kong,HK,HKG,de,True
Indien,IN,IND,de,True
Indonesien,ID,IDN,de,True
Irak,IQ,IRQ,de,True
Iran,IR,IRN,de,True
Irland,IE,IRL,de,True
Island,IS,ISL,de,True
Israel,IL,ISR,de,True
Italien,IT,ITA,de,True
Jamaika,JM,JAM,de,True
Japan,JP,JPN,de,True
Jemen,YE,YEM,de,True
Jordanien,JO,JOR,de,True
Kaiman Inseln,KY,CYM,de,True
Kambodscha,KH,KHM,de,True
Kamerun,CM,CMR,de,True
Kanada,CA,CAN,de,True
Kap Verde,CV,CPV,de,True
Kasachstan,KZ,KAZ,de,True
Kenia,KE,KEN,de,True
Kirgisistan,KG,KGZ,de,True
Kiribati,KI,KIR,de,True
Kokosinseln,CC,CCK,de,True
Kolumbien,CO,COL,de,True
Komoren,KM,COM,de,True
Kongo,CG,COG,de,True
Demokratische Republik Kongo,CD,COD,de,True
Kroatien,HR,HRV,de,True
Kuba,CU,CUB,de,True
Kuwait,KW,KWT,de,True
Laos,LA,LAO,de,True
Lesotho,LS,LSO,de,True
Lettland,LV,LVA,de,True
Libanon,LB,LBN,de,True
Liberia,LR,LBR,de,True
Libyen,LY,LBY,de,True
Liechtenstein,LI,LIE,de,True
Litauen,LT,LTU,de,True
Luxemburg,LU,LUX,de,True
Macao,MO,MAC,de,True
Madagaskar,MG,MDG,de,True
Malawi,MW,MWI,de,True
Malaysia,MY,MYS,de,True
Malediven,MV,MDV,de,True
Mali,ML,MLI,de,True
Malta,MT,MLT,de,True
Marianen,MP,MNP,de,True
Marokko,MA,MAR,de,True
Marshall Inseln,MH,MHL,de,True
Martinique,MQ,MTQ,de,True
Mauretanien,MR,MRT,de,True
Mauritius,MU,MUS,de,True
Mayotte,YT,MYT,de,True
Mazedonien,MK,MKD,de,True
Mexiko,MX,MEX,de,True
Mikronesien,FM,FSM,de,True
Mocambique,MZ,MOZ,de,True
Moldavien,MD,MDA,de,True
Monaco,MC,MCO,de,True
Mongolei,MN,MNG,de,True
Montserrat,MS,MSR,de,True
Namibia,NA,NAM,de,True
Nauru,NR,NRU,de,True
Nepal,NP,NPL,de,True
Neukaledonien,NC,NCL,de,True
Neuseeland,NZ,NZL,de,True
Nicaragua,NI,NIC,de,True
Niederlande,NL,NLD,de,True
Niederländische Antillen,AN,ANT,de,True
Niger,NE,NER,de,True
Nigeria,NG,NGA,de,True
Niue,NU,NIU,de,True
Nord Korea,KP,PRK,de,True
Norfolk Inseln,NF,NFK,de,True
Norwegen,NO,NOR,de,True
Oman,OM,OMN,de,True
Österreich,AT,AUT,de,True
Pakistan,PK,PAK,de,True
Palästina,PS,PSE,de,True
Palau,PW,PLW,de,True
Panama,PA,PAN,de,True
Papua Neuguinea,PG,PNG,de,True
Paraguay,PY,PRY,de,True
Peru,PE,PER,de,True
Philippinen,PH,PHL,de,True
Pitcairn,PN,PCN,de,True
Polen,PL,POL,de,True
Portugal,PT,PRT,de,True
Puerto Rico,PR,PRI,de,True
Qatar,QA,QAT,de,True
Reunion,RE,REU,de,True
Ruanda,RW,RWA,de,True
Rumänien,RO,ROU,de,True
Russland,RU,RUS,de,True
Saint Lucia,LC,LCA,de,True
Sambia,ZM,ZMB,de,True
Samoa,AS,ASM,de,True
Samoa,WS,WSM,de,True
San Marino,SM,SMR,de,True
Sao Tome,ST,STP,de,True
Saudi Arabien,SA,SAU,de,True
Schweden,SE,SWE,de,True
Schweiz,CH,CHE,de,True
Senegal,SN,SEN,de,True
Seychellen,SC,SYC,de,True
Sierra Leone,SL,SLE,de,True
Singapur,SG,SGP,de,True
Slowakei,SK,SVK,de,True
Slowenien,SI,SVN,de,True
Solomon Inseln,SB,SLB,de,True
Somalia,SO,SOM,de,True
Südgeorgien und die Südlichen Sandwichinseln,GS,SGS,de,True
Spanien,ES,ESP,de,True
Sri Lanka,LK,LKA,de,True
St. Helena,SH,SHN,de,True
St. Kitts Nevis Anguilla,KN,KNA,de,True
St. Pierre und Miquelon,PM,SPM,de,True
St. Vincent,VC,VCT,de,True
Süd Korea,KR,KOR,de,True
Südafrika,ZA,ZAF,de,True
Sudan,SD,SDN,de,True
Surinam,SR,SUR,de,True
Svalbard und Jan Mayen Islands,SJ,SJM,de,True
Swasiland,SZ,SWZ,de,True
Syrien,SY,SYR,de,True
Tadschikistan,TJ,TJK,de,True
Taiwan,TW,TWN,de,True
Tansania,TZ,TZA,de,True
Thailand,TH,THA,de,True
Togo,TG,TGO,de,True
Tokelau,TK,TKL,de,True
Tonga,TO,TON,de,True
Trinidad Tobago,TT,TTO,de,True
Tschad,TD,TCD,de,True
Tschechische Republik,CZ,CZE,de,True
Tunesien,TN,TUN,de,True
Türkei,TR,TUR,de,True
Turkmenistan,TM,TKM,de,True
Turks und Kaikos Inseln,TC,TCA,de,True
Tuvalu,TV,TUV,de,True
Uganda,UG,UGA,de,True
Ukraine,UA,UKR,de,True
Ungarn,HU,HUN,de,True
Uruguay,UY,URY,de,True
Usbekistan,UZ,UZB,de,True
Vanuatu,VU,VUT,de,True
Vatikan,VA,VAT,de,True
Venezuela,VE,VEN,de,True
Vereinigte Arabische Emirate,AE,ARE,de,True
Vereinigte Staaten von Amerika,US,USA,de,True
Vietnam,VN,VNM,de,True
Virgin Island (Brit.),VG,VGB,de,True
Virgin Island (USA),VI,VIR,de,True
Wallis et Futuna,WF,WLF,de,True
Weissrussland,BY,BLR,de,True
Westsahara,EH,ESH,de,True
Zentralafrikanische Republik,CF,CAF,de,True
Zimbabwe,ZW,ZWE,de,True
Zypern,CY,CYP,de,True
Ålandinseln,AX,ALA,en,True
Guernsey,GG,GGY,en,True
Isle of Man,IM,IMN,en,True
Jersey,JE,JEY,en,True
Montenegro,ME,MNE,en,True
Saint Barthélemy,BL,BLM,en,True
Saint Martin,MF,MAF,en,True
Serbien,RS,SRB,en,True
Timor-Leste,TL,TLS,en,True
Kleinere abgelegene Inseln der Vereinigten Staaten,UM,UMI,en,True
Kosovo,XK,XKX,en,True
Südsudan,SS,SSD,en,True
Serbien und Montenegro,CS,SCG,en,True
